<?xml version="1.0" encoding="UTF-8"?>
<project-private xmlns="http://www.netbeans.org/ns/project-private/1">
    <editor-bookmarks xmlns="http://www.netbeans.org/ns/editor-bookmarks/2" lastBookmarkId="0"/>
    <open-files xmlns="http://www.netbeans.org/ns/projectui-open-files/2">
        <group>
            <file>file:/C:/Users/ideap/OneDrive/Documents/NetBeansProjects/FigurasGeometricas/web/index.html</file>
            <file>file:/C:/Users/ideap/OneDrive/Documents/NetBeansProjects/FigurasGeometricas/web/WEB-INF/web.xml</file>
            <file>file:/C:/Users/ideap/OneDrive/Documents/NetBeansProjects/FigurasGeometricas/web/resources/css/style.css</file>
            <file>file:/C:/Users/ideap/OneDrive/Documents/NetBeansProjects/FigurasGeometricas/web/META-INF/context.xml</file>
            <file>file:/C:/Users/ideap/OneDrive/Documents/NetBeansProjects/FigurasGeometricas/web/index.jsp</file>
            <file>file:/C:/Users/ideap/OneDrive/Documents/NetBeansProjects/FigurasGeometricas/web/procesarfigura.jsp</file>
        </group>
    </open-files>
</project-private>
